source,lun_bawang,english,type
borneodictionary.com,abpa,"jump down, drop from above",word
borneodictionary.com,abpa,water,word
borneodictionary.com,aceh,"one, 1",word
borneodictionary.com,aco,day,word
borneodictionary.com,aco dueh,Tuesday,word
borneodictionary.com,aco enem,Saturday,word
borneodictionary.com,aco epat,Thursday,word
borneodictionary.com,aco limeh,Friday,word
borneodictionary.com,aco migu,Sunday,word
borneodictionary.com,aco satu,Monday,word
borneodictionary.com,aco sinih,today,word
borneodictionary.com,aco teluh,Wednesday,word
borneodictionary.com,ada,chin,word
borneodictionary.com,ada,ghost,word
borneodictionary.com,alad,wall,word
borneodictionary.com,alem,yesterday,word
borneodictionary.com,ali,quiet,word
borneodictionary.com,amung,all,word
borneodictionary.com,anak mate,orphan,word
borneodictionary.com,anak sut,child,word
borneodictionary.com,anam,"six, 6",word
borneodictionary.com,anid aco,every day,word
borneodictionary.com,anid kereb,every moment,word
borneodictionary.com,anun,what,word
borneodictionary.com,anun bala?,how are you?,word
borneodictionary.com,apat,"four, 4",word
borneodictionary.com,apo,roof,word
borneodictionary.com,apui ngelak,cooking fire,word
borneodictionary.com,ara,"dislike, don't want, refuse",word
borneodictionary.com,arang uned,in between,word
borneodictionary.com,asal,if,word
borneodictionary.com,atau,or,word
borneodictionary.com,awan decur,wife,word
borneodictionary.com,awan delai,husband,word
borneodictionary.com,ayat,words,word
borneodictionary.com,ba,very,word
borneodictionary.com,ba lalid,very naughty,word
borneodictionary.com,ba rayeh uni,loud sound,sentence
borneodictionary.com,ba ulai,late,word
borneodictionary.com,bala do,I am fine,word
borneodictionary.com,balih,a lie,word
borneodictionary.com,bang,in,word
borneodictionary.com,bang dalem,inside,word
borneodictionary.com,baru,"new, again",word
borneodictionary.com,baruh,are you,word
borneodictionary.com,bata' langit,blue,word
borneodictionary.com,bata' uduh,green,word
borneodictionary.com,batek,stomach,word
borneodictionary.com,batuh,"rock, stone",word
borneodictionary.com,batuh rayeh,"a stone, a rock",word
borneodictionary.com,bawang rayeh,town,word
borneodictionary.com,baya,"accompany, come with, follow",word
borneodictionary.com,belajar,learn,word
borneodictionary.com,bengil,ankle,word
borneodictionary.com,bera,husked but uncooked rice,word
borneodictionary.com,berat,heavy,word
borneodictionary.com,beré,"give, the act of giving",word
borneodictionary.com,beren,given,word
borneodictionary.com,beruh,again,word
borneodictionary.com,bibir,lips,word
borneodictionary.com,binaweh,"things, posessions",word
borneodictionary.com,birar,yellow,word
borneodictionary.com,bire,gave,word
borneodictionary.com,bor,full stomach,word
borneodictionary.com,bua,fruit,word
borneodictionary.com,bua' bong,banana,word
borneodictionary.com,bua' buyo,"citrus fruit e.g. orange, lemon",word
borneodictionary.com,bua' kukud,toes,word
borneodictionary.com,bua' ticu,fingers,word
borneodictionary.com,buda,white,word
borneodictionary.com,bukuh,book,word
borneodictionary.com,bulan,month,word
borneodictionary.com,bulan dueh,February,word
borneodictionary.com,bulan enem,June,word
borneodictionary.com,bulan epat,April,word
borneodictionary.com,bulan limeh,May,word
borneodictionary.com,bulan liwa,September,word
borneodictionary.com,bulan pulu,October,word
borneodictionary.com,bulan pulu' aceh,November,sentence
borneodictionary.com,bulan pulu' dueh,December,sentence
borneodictionary.com,bulan satu,January,word
borneodictionary.com,bulan teluh,March,word
borneodictionary.com,bulan tudu,July,word
borneodictionary.com,bulan waluh,August,word
borneodictionary.com,buri,"speak, talk",word
borneodictionary.com,dat,ugly,word
borneodictionary.com,dat taga,ugly,word
borneodictionary.com,decur,female,word
borneodictionary.com,ding rumah,family,word
borneodictionary.com,do pekak,good morning,word
borneodictionary.com,do,good,word
borneodictionary.com,dueh,"two, 2",word
borneodictionary.com,fa,1) drink; 2) river,word
borneodictionary.com,fa,water,word
borneodictionary.com,feh,already,word
borneodictionary.com,fuk,hair,word
borneodictionary.com,gagap,shocked,word
borneodictionary.com,gelas,glass (drinking glass),word
borneodictionary.com,ibalih,a liar,word
borneodictionary.com,icung,nose,word
borneodictionary.com,idan,when,word
borneodictionary.com,ideh,they,word
borneodictionary.com,ikai,we,word
borneodictionary.com,iko,you,word
borneodictionary.com,ire,who,word
borneodictionary.com,iring,"next to, beside",word
borneodictionary.com,itun,question,word
borneodictionary.com,jaban,toilet,word
borneodictionary.com,ju,bathe,word
borneodictionary.com,kabun,garden,word
borneodictionary.com,kamang,"crawl, crawling",word
borneodictionary.com,kan,"eat, ate",word
borneodictionary.com,kareb,when,word
borneodictionary.com,kated,back,word
borneodictionary.com,kayuh mulun,tree,word
borneodictionary.com,kelaluh,physical fighting,word
borneodictionary.com,keli,know,word
borneodictionary.com,kelupan,forget,word
borneodictionary.com,kemuh,"to you, with you",word
borneodictionary.com,kereb,can,word
borneodictionary.com,kereb na,that time,word
borneodictionary.com,kerusi,chair,word
borneodictionary.com,ki,(in front of the object to which a verb is acting),word
borneodictionary.com,kinanak cur,sister,word
borneodictionary.com,kinanak cur rayeh,older sister,sentence
borneodictionary.com,kinanak cur sut,younger sister,sentence
borneodictionary.com,kinanak lai,brother,word
borneodictionary.com,kinanak lai rayeh,older brother,sentence
borneodictionary.com,kinanak lai sut,younger brother,sentence
borneodictionary.com,kira-kira,"roughly, approximately",word
borneodictionary.com,kiyung,face,word
borneodictionary.com,kosong,empty,word
borneodictionary.com,ku wih,to me,word
borneodictionary.com,kuan,for,word
borneodictionary.com,kudan,for what,word
borneodictionary.com,kudeng,if,word
borneodictionary.com,kudeng peh,how,word
borneodictionary.com,kukud,legs,word
borneodictionary.com,kulat,awake,word
borneodictionary.com,kuman,eat,word
borneodictionary.com,kupi,coffee,word
borneodictionary.com,kuwih,"to me, with me",word
borneodictionary.com,laba,walk past,word
borneodictionary.com,lai,male,word
borneodictionary.com,lai lai mehr pad,similar,sentence
borneodictionary.com,lak,year,word
borneodictionary.com,lal,chicken,word
borneodictionary.com,lalan,path,word
borneodictionary.com,lalid,ears,word
borneodictionary.com,lapung,light,word
borneodictionary.com,laput,cloud,word
borneodictionary.com,lati,rice paddy,word
borneodictionary.com,lawe,go (direction),word
borneodictionary.com,lawe siri siri,straight ahead,sentence
borneodictionary.com,lawid,fish,word
borneodictionary.com,le miud,turn,word
borneodictionary.com,le miud pa kabing,turn left,sentence
borneodictionary.com,le miud pa tinueh,turn right,sentence
borneodictionary.com,lek,maybe,word
borneodictionary.com,lemanguy,to swim,word
borneodictionary.com,lengen,arms,word
borneodictionary.com,ligan,clean,word
borneodictionary.com,limeh,"five, 5",word
borneodictionary.com,liwa,"nine, 9",word
borneodictionary.com,lubed,return (from somewhere),word
borneodictionary.com,lubid,to lie down,word
borneodictionary.com,lufa,snake gord,word
borneodictionary.com,luk kenen,food,word
borneodictionary.com,luk kereb dih,last one,sentence
borneodictionary.com,luk sapeh,which one,word
borneodictionary.com,luk sulad,last (the last one),word
borneodictionary.com,luk sulud,last one,word
borneodictionary.com,maca,to read,word
borneodictionary.com,mada,"tell, telling",word
borneodictionary.com,mada,to tell,word
borneodictionary.com,madel,blunt,word
borneodictionary.com,mado,far,word
borneodictionary.com,mado rat tunge,far from here,sentence
borneodictionary.com,madu,forehead,word
borneodictionary.com,main,tasty,word
borneodictionary.com,mait,sick,word
borneodictionary.com,makai,use,word
borneodictionary.com,mala,tell,word
borneodictionary.com,mangud,young,word
borneodictionary.com,masi,"not many, a few, less",word
borneodictionary.com,masih,"still, still time",word
borneodictionary.com,masui,sell,word
borneodictionary.com,mateh co,sun,word
borneodictionary.com,mawa,love,word
borneodictionary.com,mawang niat,happy,word
borneodictionary.com,mawer,fast,word
borneodictionary.com,maya,follow,word
borneodictionary.com,me mawer,go faster,word
borneodictionary.com,me mulai,go slower,word
borneodictionary.com,me tecu,straight ahead,word
borneodictionary.com,me,"to, go to, going",word
borneodictionary.com,me' tunge,come,word
borneodictionary.com,me' yapeh ko,where are you going?,sentence
borneodictionary.com,mebeneh,short,word
borneodictionary.com,mefeh,falling,word
borneodictionary.com,megai,always,word
borneodictionary.com,mekatu,good,word
borneodictionary.com,mekupit,shrinking,word
borneodictionary.com,mekuu,brave,word
borneodictionary.com,melau,hungry,word
borneodictionary.com,melau,hot,word
borneodictionary.com,mele,cheap,word
borneodictionary.com,melemuh,fat,word
borneodictionary.com,melih,buy,word
borneodictionary.com,menad,climbing,word
borneodictionary.com,meno,steal,word
borneodictionary.com,meran,lite,word
borneodictionary.com,meratu,one hundred,word
borneodictionary.com,merburi,muddy,word
borneodictionary.com,mere,give,word
borneodictionary.com,meribu,one thousand,word
borneodictionary.com,merimud,smiling,word
borneodictionary.com,meriruh,laugh,word
borneodictionary.com,merita,tall,word
borneodictionary.com,meru,wash,word
borneodictionary.com,merugu,thin,word
borneodictionary.com,meselud,slippery,word
borneodictionary.com,mesia,red,word
borneodictionary.com,mesido,arrogant,word
borneodictionary.com,mesiri,straight (ahead),word
borneodictionary.com,mesti,should,word
borneodictionary.com,mesusa niat,sad,word
borneodictionary.com,metadem,sharp (object),word
borneodictionary.com,metaga,beautiful,word
borneodictionary.com,metu,correct (your answer is correct),word
borneodictionary.com,metutun,shallow,word
borneodictionary.com,miek,(I) can,word
borneodictionary.com,migu,week,word
borneodictionary.com,mija,table,word
borneodictionary.com,mikat,1) expensive; 2) difficult,word
borneodictionary.com,misu,change,word
borneodictionary.com,mitek,close,word
borneodictionary.com,mitem,black,word
borneodictionary.com,mo,yes,word
borneodictionary.com,mo umak,please come in,word
borneodictionary.com,mucih,late,word
borneodictionary.com,mudan,it is raining now,word
borneodictionary.com,muit,bring,word
borneodictionary.com,mula,"many, a lot, abundant",word
borneodictionary.com,mulai,"slow, slowly",word
borneodictionary.com,mulun,alive,word
borneodictionary.com,muned,correct (your answer is correct),word
borneodictionary.com,muneng,"close, near",word
borneodictionary.com,muneng tunge,close to here,word
borneodictionary.com,museh,angry,word
borneodictionary.com,muto ro,I'm sorry,word
borneodictionary.com,n'rawe,think,word
borneodictionary.com,na luk idih,"none, zero, 0, non-existent",sentence
borneodictionary.com,na mekudeh,"no worries, no problem",word
borneodictionary.com,na mepad,different,word
borneodictionary.com,na miek,"must not, may not",word
borneodictionary.com,na mula,"not many, a few",word
borneodictionary.com,na teh,not yet,word
borneodictionary.com,na tupu,never,word
borneodictionary.com,naa nengaweh,single,word
borneodictionary.com,nabud,finish,word
borneodictionary.com,najar,teaching,word
borneodictionary.com,nalan,walking,word
borneodictionary.com,nalan-nalan,walk around,word
borneodictionary.com,nalap,1) accept; 2) take,word
borneodictionary.com,nam,no,word
borneodictionary.com,namai,weeding,word
borneodictionary.com,nan,"have, there is",word
borneodictionary.com,nanak,born,word
borneodictionary.com,nanem,bury,word
borneodictionary.com,nangi,cry,word
borneodictionary.com,napeh,later,word
borneodictionary.com,napeh atun,wait a minute,word
borneodictionary.com,naru,"do, make (doing, making)",word
borneodictionary.com,nate,"dead (animal, plant)",word
borneodictionary.com,natek,close (eg close the door),word
borneodictionary.com,nayud,writing,word
borneodictionary.com,necan,(to leave something behind),word
borneodictionary.com,necing,arrive,word
borneodictionary.com,nefa,tomorrow,word
borneodictionary.com,neh,that,word
borneodictionary.com,nehrninger,listen,word
borneodictionary.com,nehrniyer,look,word
borneodictionary.com,nekap,searching,word
borneodictionary.com,nekinih,now,word
borneodictionary.com,nelak,cooking,word
borneodictionary.com,nemug,keep,word
borneodictionary.com,nengan,plus,word
borneodictionary.com,nengaweh,married,word
borneodictionary.com,nerat,dead (human),word
borneodictionary.com,nerawe,remember,word
borneodictionary.com,nered,old,word
borneodictionary.com,nerung,put,word
borneodictionary.com,ngaceku,because,word
borneodictionary.com,ngait,wait,word
borneodictionary.com,ngait segageh,wait a minute,word
borneodictionary.com,ngan,"and, with",word
borneodictionary.com,ngeranih,harvesting,word
borneodictionary.com,ngukab,to open door,word
borneodictionary.com,nibu,planting,word
borneodictionary.com,nier,see,word
borneodictionary.com,nih,this,word
borneodictionary.com,nikini tutu,just now,word
borneodictionary.com,nimet kerita,driving,word
borneodictionary.com,nimun,start,word
borneodictionary.com,ninger,listening,word
borneodictionary.com,nirup,drink,word
borneodictionary.com,niyer,looking,word
borneodictionary.com,nolak,minus,word
borneodictionary.com,nolong,help,word
borneodictionary.com,non,what,word
borneodictionary.com,non pian ko,what do you want?,sentence
borneodictionary.com,non ruan ko,what are you doing,sentence
borneodictionary.com,nua,"answer, reply (also return)",word
borneodictionary.com,nuba,cooked rice,word
borneodictionary.com,nuda,riding,word
borneodictionary.com,nudan,it was raining,word
borneodictionary.com,nudeh,why,word
borneodictionary.com,nukab,open,word
borneodictionary.com,nukat tana,digging,word
borneodictionary.com,nutun,try,word
borneodictionary.com,oto,joke,word
borneodictionary.com,pa atun,infront,word
borneodictionary.com,pa beneh,"below, down, under",word
borneodictionary.com,pa kabing,left,word
borneodictionary.com,pa keted,behind,word
borneodictionary.com,pa lun,"up, over, above, on top (e.g. over the mountain)",word
borneodictionary.com,pa tinueh,right,word
borneodictionary.com,pad,the same,word
borneodictionary.com,pad dengan,equals,word
borneodictionary.com,pade,unhusked rice (either in the field or already harvested),word
borneodictionary.com,papu,meet (to meet you),word
borneodictionary.com,pebaya,to be accompanied,word
borneodictionary.com,peburi,"to speak, to talk",word
borneodictionary.com,pegkung,mountain,word
borneodictionary.com,pehr mung,together (eating etc),word
borneodictionary.com,pelaba,too,word
borneodictionary.com,pengeh,"already, done",word
borneodictionary.com,penu,full,word
borneodictionary.com,pesial,"dispute, argument",word
borneodictionary.com,pian,"need, want, like",word
borneodictionary.com,pingit,cheek,word
borneodictionary.com,pudut,building,word
borneodictionary.com,pukul,hour,word
borneodictionary.com,puluh,"ten, 10",word
borneodictionary.com,raa,chin,word
borneodictionary.com,range,there,word
borneodictionary.com,range yang,"out, outside",word
borneodictionary.com,rapur,kitchen,word
borneodictionary.com,rat yapeh,from,word
borneodictionary.com,rat yapeh ko,where do you come from,sentence
borneodictionary.com,raut,joke,word
borneodictionary.com,rayeh,big,word
borneodictionary.com,rayeh pipang,wide,word
borneodictionary.com,repar,feet,word
borneodictionary.com,rideh,theirs,word
borneodictionary.com,riki,fried,word
borneodictionary.com,riko,yours,word
borneodictionary.com,rimud,smile,word
borneodictionary.com,riweh,mine,word
borneodictionary.com,riyer,neck,word
borneodictionary.com,ro,"good, healthy",word
borneodictionary.com,Ro lawe,good bye,word
borneodictionary.com,Ro malem,Good night,word
borneodictionary.com,Ro meco,Good evening,word
borneodictionary.com,Ro pekak,Good morning,word
borneodictionary.com,rudap,sleep,word
borneodictionary.com,rueb,waterfall,word
borneodictionary.com,ruk,chest,word
borneodictionary.com,ruma,house,word
borneodictionary.com,ruma ju,bathroom,word
borneodictionary.com,ruma sideng,church,word
borneodictionary.com,rurum,friend,word
borneodictionary.com,ruwan,valley,word
borneodictionary.com,sayur,vegetable,word
borneodictionary.com,sebuang,some,word
borneodictionary.com,semuet,"enter, come in",word
borneodictionary.com,sepengeh nih,next (the next one),word
borneodictionary.com,serebpu,sometimes,word
borneodictionary.com,setangal,half,word
borneodictionary.com,suit,a bird,word
borneodictionary.com,surud,hill,word
borneodictionary.com,susu,milk,word
borneodictionary.com,sut,small,word
borneodictionary.com,takep,room,word
borneodictionary.com,takep rudap,bedroom,word
borneodictionary.com,tamam,father,word
borneodictionary.com,taman,father,word
borneodictionary.com,taman pinaken,uncle,word
borneodictionary.com,taman tinan,parents,word
borneodictionary.com,tana,floor,word
borneodictionary.com,tang,mouth,word
borneodictionary.com,tau,us,word
borneodictionary.com,teluh,"three, 3",word
borneodictionary.com,temubu,growing,word
borneodictionary.com,teneb,cold,word
borneodictionary.com,tenga,door,word
borneodictionary.com,tepun cur,grandmother,word
borneodictionary.com,tepun lai,grandfather,word
borneodictionary.com,terawe,"opinion, think",word
borneodictionary.com,terur,egg,word
borneodictionary.com,teteb,serious (dignify),word
borneodictionary.com,tetel,stove,word
borneodictionary.com,ticu,hands,word
borneodictionary.com,tinam,mother,word
borneodictionary.com,tinan,mother,word
borneodictionary.com,tinan pinaken,aunty,word
borneodictionary.com,to,again,word
borneodictionary.com,todo,sit,word
borneodictionary.com,tok,also,word
borneodictionary.com,tudu,"seven, 7",word
borneodictionary.com,tudung,shoulder,word
borneodictionary.com,tulud,depart,word
borneodictionary.com,tunge,here,word
borneodictionary.com,tuped,to stand up,word
borneodictionary.com,udan,rain,word
borneodictionary.com,udeng-udeng,usually,word
borneodictionary.com,ugam,matt,word
borneodictionary.com,uka uka na,earlier,sentence
borneodictionary.com,uko,dog,word
borneodictionary.com,ulai,slow,word
borneodictionary.com,uluh,head,word
borneodictionary.com,umak,come up,word
borneodictionary.com,unih,sound,word
borneodictionary.com,unub,dive,word
borneodictionary.com,upis,office,word
borneodictionary.com,upun,"running, to run",word
borneodictionary.com,uput,jump,word
borneodictionary.com,using,cat,word
borneodictionary.com,waluh,"eight, 8",word
borneodictionary.com,wang,meat,word
borneodictionary.com,wen deh,to them,word
borneodictionary.com,wih,me,word
borneodictionary.com,wih pian,I want …,word
borneodictionary.com,yapeh,where is,word
borneodictionary.com,yeh,"he, she",word
longsemadoh.wordpress.com,"Hello! Ngadanku John, rat England","Hello!I am John, from England",sentence
longsemadoh.wordpress.com,Ame yapeh iko?,Where are you going?,sentence
longsemadoh.wordpress.com,Ui ame ngikak tunge,I come here for a visit,sentence
longsemadoh.wordpress.com,Do mepapu!Mawang niat papu nemuh,"Welcome, glad to meet you",sentence
longsemadoh.wordpress.com,Ide ngadan mu?,What is your name?,sentence
longsemadoh.wordpress.com,Ngadan ku Balang,My name is Balang,sentence
longsemadoh.wordpress.com,Yapeh Hotel di?,Where is the hotel?,sentence
longsemadoh.wordpress.com,Dei neh ieh,It is there,sentence
longsemadoh.wordpress.com,ui,I,word
longsemadoh.wordpress.com,mu,you – iko,word
longsemadoh.wordpress.com,kai,we,word
longsemadoh.wordpress.com,ieh,he/she,word
longsemadoh.wordpress.com,ideh,they,word
longsemadoh.wordpress.com,ame dei,go(there),word
longsemadoh.wordpress.com,ame tunge,come here,word
longsemadoh.wordpress.com,dei,there,word
longsemadoh.wordpress.com,tunge/ianih,here,word
longsemadoh.wordpress.com,yapeh,where,word
longsemadoh.wordpress.com,name,ngadan,word
longsemadoh.wordpress.com,mawang niat,glad,word
longsemadoh.wordpress.com,papu namu,meet you,word
longsemadoh.wordpress.com,anun ineh?,What is that,word
longsemadoh.wordpress.com,anun ruen mu?,What are you doing?,sentence
longsemadoh.wordpress.com,ide ngadan mu?,What is your name?,sentence
longsemadoh.wordpress.com,kuman,Eat,word
longsemadoh.wordpress.com,ngirup,drink,word
longsemadoh.wordpress.com,tudo,sit,word
longsemadoh.wordpress.com,tuped,stand,word
longsemadoh.wordpress.com,nalan,walk,word
longsemadoh.wordpress.com,upun,run,word
longsemadoh.wordpress.com,rudap,sleep,word
longsemadoh.wordpress.com,nakap,look for,word
longsemadoh.wordpress.com,pian,want/like to,word
longsemadoh.wordpress.com,ara,don’t want,word
longsemadoh.wordpress.com,do’,good,word
longsemadoh.wordpress.com,dat,bad,word
longsemadoh.wordpress.com,melau’,hot,word
longsemadoh.wordpress.com,meteneb,cold,word
longsemadoh.wordpress.com,abpa,water,word
longsemadoh.wordpress.com,luk kanen/nuba’,food,word
longsemadoh.wordpress.com,museh,angry,word
longsemadoh.wordpress.com,mawang niat,happy,word
longsemadoh.wordpress.com,dat niat,sad,word
longsemadoh.wordpress.com,merur,tired,word
longsemadoh.wordpress.com,malau,hungry,word
longsemadoh.wordpress.com,meparing,thirsty,word
longsemadoh.wordpress.com,peburi,Speak,word
longsemadoh.wordpress.com,mada’,tell,word
longsemadoh.wordpress.com,pegayam,conversation,word
longsemadoh.wordpress.com,nier,see,word
longsemadoh.wordpress.com,ninger,hear,word
longsemadoh.wordpress.com,ngerawe,think,word
longsemadoh.wordpress.com,ruma’,house,word
longsemadoh.wordpress.com,dalan,road,word
longsemadoh.wordpress.com,abpa’,river/water,word
longsemadoh.wordpress.com,maca’,read,word
longsemadoh.wordpress.com,nani,sing,word
longsemadoh.wordpress.com,nawar,call,word
longsemadoh.wordpress.com,ngitek,shut(door),word
longsemadoh.wordpress.com,ngukab,open(door),word
longsemadoh.wordpress.com,marot,play,word
longsemadoh.wordpress.com,telubid,lie down,word
longsemadoh.wordpress.com,sembayang,Pray,word
longsemadoh.wordpress.com,buku ago,Bible,word
longsemadoh.wordpress.com,tebubpun,worship service,word
longsemadoh.wordpress.com,ngubur,praise,word
longsemadoh.wordpress.com,mawa,love,word
longsemadoh.wordpress.com,awang,joy,word
longsemadoh.wordpress.com,mekatu,kind,word
longsemadoh.wordpress.com,mulai niat,patient,word
longsemadoh.wordpress.com,metaga,beautiful,word
longsemadoh.wordpress.com,dat taga,ugly,word
longsemadoh.wordpress.com,mekadang,long,word
longsemadoh.wordpress.com,mekamu’,short,word
longsemadoh.wordpress.com,medita’,tall/high,word
longsemadoh.wordpress.com,medalem,deep,word
longsemadoh.wordpress.com,metutun,shallow,word
longsemadoh.wordpress.com,rayeh,big,word
longsemadoh.wordpress.com,isut,small,word
longsemadoh.wordpress.com,rayeh pipang,wide,word
longsemadoh.wordpress.com,metadem,sharp(object),word
longsemadoh.wordpress.com,mengadel,blunt,word
longsemadoh.wordpress.com,mesia,red,word
longsemadoh.wordpress.com,mebirar,yellow,word
longsemadoh.wordpress.com,mitem,black,word
longsemadoh.wordpress.com,mebuda’,white,word
longsemadoh.wordpress.com,bata don,green,word
longsemadoh.wordpress.com,bata langit,blue,word
longsemadoh.wordpress.com,Iko metaga,You are beautiful,word
longsemadoh.wordpress.com,Ui pian nemu,I like you,sentence
longsemadoh.wordpress.com,Ui mawa nemu,I love you,sentence
longsemadoh.wordpress.com,Ui na pian nemu,I don’t like you,sentence
longsemadoh.wordpress.com,Ui ara kuman,I don’t want to eat,sentence
longsemadoh.wordpress.com,Ui pelaba mawang niat aco sini,I am very happy today,sentence
longsemadoh.wordpress.com,Ui pian papu’ nemu,I want to meet you,sentence
longsemadoh.wordpress.com,iko pelaba mekatu,You are very kind,sentence
longsemadoh.wordpress.com,suit,bird,word
longsemadoh.wordpress.com,uko,dog,word
longsemadoh.wordpress.com,using,cat,word
longsemadoh.wordpress.com,menipeh,snake,word
longsemadoh.wordpress.com,amek,goat,word
longsemadoh.wordpress.com,lawid,fish,word
longsemadoh.wordpress.com,lal,chicken,word
longsemadoh.wordpress.com,barek,pig,word
longsemadoh.wordpress.com,kerubau,buffalo,word
longsemadoh.wordpress.com,sapi,cow,word
longsemadoh.wordpress.com,kenui,eagle,word
longsemadoh.wordpress.com,balang,tiger,word
longsemadoh.wordpress.com,singa,lion,word
longsemadoh.wordpress.com,labo,rat,word
longsemadoh.wordpress.com,becuk/kuyad,monkey,word
longsemadoh.wordpress.com,pelanuk,mousedeer,word
longsemadoh.wordpress.com,talau,barking deer,word
longsemadoh.wordpress.com,payo,deer,word
longsemadoh.wordpress.com,terutung,procupine,word
longsemadoh.wordpress.com,lematek,leech,word
longsemadoh.wordpress.com,tukung,mosquito,word
longsemadoh.wordpress.com,laled,fly,word
longsemadoh.wordpress.com,pegkung,Mountain,word
longsemadoh.wordpress.com,surud,hill,word
longsemadoh.wordpress.com,alung,valley,word
longsemadoh.wordpress.com,tana’ reked,plain,word
longsemadoh.wordpress.com,irang,sloop,word
longsemadoh.wordpress.com,rengeb,cliff,word
longsemadoh.wordpress.com,rueb,waterfall,word
longsemadoh.wordpress.com,abpa,river,word
longsemadoh.wordpress.com,takeh/takung,lake,word
longsemadoh.wordpress.com,abpa nanap,sea,word
longsemadoh.wordpress.com,batu rayeh,rock,word
longsemadoh.wordpress.com,uduh,grass,word
longsemadoh.wordpress.com,kayuh,trees,word
longsemadoh.wordpress.com,laput,clouds,word
longsemadoh.wordpress.com,bulan,moon,word
longsemadoh.wordpress.com,mateh aco,sun,word
longsemadoh.wordpress.com,langit/ arang gawa’,sky,sentence
longsemadoh.wordpress.com,udan,rain,word
longsemadoh.wordpress.com,melaput,cloudy,word
longsemadoh.wordpress.com,mudan,rainny,word
longsemadoh.wordpress.com,mula’,many,word
longsemadoh.wordpress.com,masi’,few,word
longsemadoh.wordpress.com,na luk idih,none,sentence
longsemadoh.wordpress.com,pawa’,a few,word
longsemadoh.wordpress.com,manged,many,word
longsemadoh.wordpress.com,sesuut,a few,word
longsemadoh.wordpress.com,sebuleng,alone,word
longsemadoh.wordpress.com,negku,accompany (me)-pebaya,word
longsemadoh.wordpress.com,maya’ negku,follow me,word
longsemadoh.wordpress.com,pa’ atun,in front,word
longsemadoh.wordpress.com,pa’ puet,behind,word
longsemadoh.wordpress.com,ketacan,left behind,word
longsemadoh.wordpress.com,kudeng,if,word
longsemadoh.wordpress.com,kareb,when,word
longsemadoh.wordpress.com,anun,what,word
longsemadoh.wordpress.com,sapeh,which,word
longsemadoh.wordpress.com,ide’,who,word
longsemadoh.wordpress.com,ngudeh,why,word
longsemadoh.wordpress.com,"kudeng iko ame tunge, nguit uko’ midih","If you come, bring along your dog",sentence
longsemadoh.wordpress.com,ui mare kali nemu kareb ui pangeh temina’,I will tell you when I am ready,sentence
longsemadoh.wordpress.com,Sapeh diko dih?,Which one is yours?,sentence
longsemadoh.wordpress.com,Yapeh rurum kidih?,Where is my friend?,sentence
longsemadoh.wordpress.com,ide’ yeneh?,who is that?,word
longsemadoh.wordpress.com,ngudeh iko nangi’?,why are you crying?,sentence
longsemadoh.wordpress.com,aleg nuso nuba’ ineh,Don’t waste the food,sentence
longsemadoh.wordpress.com,kuman nuba’ ineh,Eat the food,sentence
longsemadoh.wordpress.com,Nuba’ ineh kanen,The food is to be eaten,sentence
longsemadoh.wordpress.com,Ieh nekuman nuba’ dih,He ate the food,sentence
longsemadoh.wordpress.com,Ieh pangeh nekuman nuba’ dih,He has eaten the food already,sentence
longsemadoh.wordpress.com,Ui nepapu’ neneh malem ina.Ieh pelaba dat niat/melaso niat,I met him last night. He was very sad,sentence
longsemadoh.wordpress.com,Ui nengubuk niatneh,I comforted him,sentence
longsemadoh.wordpress.com,Iamo ieh ungeng mo’,But he was very quiet,sentence
longsemadoh.wordpress.com,remuat abpa matehneh,Some tears drop from his eyes,sentence
longsemadoh.wordpress.com,ngudeh ieh melaso niat?,Why was he sad?,sentence
longsemadoh.wordpress.com,rurum decur nidih nenecan neneh,His girl friend left him,sentence
longsemadoh.wordpress.com,ngudeh rurum nidih nenecan neneh?,Why did the girl friend left him?,sentence
longsemadoh.wordpress.com,"Ah, mula’ teh decur libut tau kelem",Ah! there are plenty of girls around,sentence
longsemadoh.wordpress.com,Ui pian ninger nemu peburi,I want to hear you speak,sentence
longsemadoh.wordpress.com,Ara’ ui ninger nemu peburi,I don’t want to hear you speak,sentence
longsemadoh.wordpress.com,Na iko ni mileh peburi,You don’t know how to speak,sentence
longsemadoh.wordpress.com,Ide mala ui na miak peburi?,Who say I cannot speak?,sentence
longsemadoh.wordpress.com,Ui merot kelem.Iko do ileh peburi,I am joking!You can speak well,sentence
longsemadoh.wordpress.com,met uluh,headache,word
longsemadoh.wordpress.com,met batek,stomachache,word
longsemadoh.wordpress.com,met kated,backache,word
longsemadoh.wordpress.com,met,pain,word
longsemadoh.wordpress.com,met,sick,word
longsemadoh.wordpress.com,meliput,wild,word
longsemadoh.wordpress.com,melayo,tame,word
longsemadoh.wordpress.com,mesangit,fierce,word
longsemadoh.wordpress.com,mesido’/mana’,proud,word
longsemadoh.wordpress.com,mebeneh niat,humble,word
longsemadoh.wordpress.com,migu’,shy,word
longsemadoh.wordpress.com,mekuu’,brave,word
longsemadoh.wordpress.com,Iko mesido’,you are very proud,word
longsemadoh.wordpress.com,Iko pelaba mebeneh niat,You are too humble,sentence
longsemadoh.wordpress.com,Aleg migu’,Don’t be shy please,word
longsemadoh.wordpress.com,Ieh pelaba’ mekuu’,He is very brave,sentence
longsemadoh.wordpress.com,uluh,head,word
longsemadoh.wordpress.com,abpuk,hair,word
longsemadoh.wordpress.com,madu’,forehead,word
longsemadoh.wordpress.com,icung,nose,word
longsemadoh.wordpress.com,lalid,ear,word
longsemadoh.wordpress.com,mateh,eyes,word
longsemadoh.wordpress.com,dier,neck,word
longsemadoh.wordpress.com,bibir,lips,word
longsemadoh.wordpress.com,tang,mouth,word
longsemadoh.wordpress.com,lipen,tooth,word
longsemadoh.wordpress.com,dila’,tongue,word
longsemadoh.wordpress.com,bulu mateh,eyebrow,word
longsemadoh.wordpress.com,adaa’,chin,word
longsemadoh.wordpress.com,ticu’,hand,word
longsemadoh.wordpress.com,siku,elbow,word
longsemadoh.wordpress.com,palad ticu,palm,word
longsemadoh.wordpress.com,langen,arm,word
longsemadoh.wordpress.com,bua’ ticu’,finger,word
longsemadoh.wordpress.com,lisun,finger nail,word
longsemadoh.wordpress.com,liang ilek,arm pit,word
longsemadoh.wordpress.com,kated,back,word
longsemadoh.wordpress.com,tudung,shoulder,word
longsemadoh.wordpress.com,ruuk,chest,word
longsemadoh.wordpress.com,batek,stomach,word
longsemadoh.wordpress.com,puet,buttock,word
longsemadoh.wordpress.com,tipan,tigh,word
longsemadoh.wordpress.com,aleb,knee,word
longsemadoh.wordpress.com,kukud,leg,word
longsemadoh.wordpress.com,bua’ kukud,toe,word
longsemadoh.wordpress.com,dapar,foot,word
longsemadoh.wordpress.com,bangkil,ankle,word
longsemadoh.wordpress.com,niat,heart,word
longsemadoh.wordpress.com,bued,spring,word
longsemadoh.wordpress.com,ulun,life,word
longsemadoh.wordpress.com,abpa’,water,word
longsemadoh.wordpress.com,arur,stream,word
longsemadoh.wordpress.com,paru’,brook,word
longsemadoh.wordpress.com,takung,lake/pond,word
longsemadoh.wordpress.com,lengayan,footprints,word
longsemadoh.wordpress.com,lisangen,junction,word
longsemadoh.wordpress.com,dalan,road/path,word
longsemadoh.wordpress.com,misu’/isu’,change,word
longsemadoh.wordpress.com,mepad,unchange,word
longsemadoh.wordpress.com,ruked-ruked,forever,word
longsemadoh.wordpress.com,meruked,everlasting,word
longsemadoh.wordpress.com,sigageh,temporary,word
longsemadoh.wordpress.com,puun-puun/rat puun,beginning,word
longsemadoh.wordpress.com,peped/,end,word
longsemadoh.wordpress.com,kekiped,the end,word
longsemadoh.wordpress.com,ubur/ngubur,praise,word
longsemadoh.wordpress.com,buren/ruen ngubur,to be praised,word
longsemadoh.wordpress.com,anak rapid,twins,word
longsemadoh.wordpress.com,anak mate,orphan,word
longsemadoh.wordpress.com,lazy,mekupe very lazy-ba kupe,word
longsemadoh.wordpress.com,sigapung,hide,word
longsemadoh.wordpress.com,mock/taunt,situnga,word
longsemadoh.wordpress.com,silepu,pretend to faint,word
longsemadoh.wordpress.com,sidaat,pretend to be bad/poor/sick,word
longsemadoh.wordpress.com,siate,pretend to die,word
longsemadoh.wordpress.com,raga,cost,word
longsemadoh.wordpress.com,costly,meraga,word
longsemadoh.wordpress.com,boast,sido’,word
longsemadoh.wordpress.com,boastful,mesido’,word
longsemadoh.wordpress.com,Meru’,wash,word
longsemadoh.wordpress.com,meru’ ticu’,wash the hands,word
longsemadoh.wordpress.com,merapang,worry or being worried,word
longsemadoh.wordpress.com,congested,meringu’,word
longsemadoh.wordpress.com,confused,meraruh trawe,word
longsemadoh.wordpress.com,selfish,meremen,word
longsemadoh.wordpress.com,mering,a bamboo implement use to trap fish,word
longsemadoh.wordpress.com,masang,"fixing, switch on",word
longsemadoh.wordpress.com,sell,masui,word
longsemadoh.wordpress.com,chase away,masut,word
longsemadoh.wordpress.com,marat,to build something on stilt/platform,word
longsemadoh.wordpress.com,LUN BAWANG,ENGLISH,word
longsemadoh.wordpress.com,miak /miak ngenau’ luk ruen,Able,sentence
longsemadoh.wordpress.com,about- ratnan,about something,word
longsemadoh.wordpress.com,naba,Add,word
longsemadoh.wordpress.com,lun luk rayeh,adult,sentence
longsemadoh.wordpress.com,mada’,advise,word
longsemadoh.wordpress.com,metoot,afraid,word
longsemadoh.wordpress.com,umur,age,word
longsemadoh.wordpress.com,idi,and,word
longsemadoh.wordpress.com,useh,anger,word
longsemadoh.wordpress.com,melikat,angel,word
longsemadoh.wordpress.com,idih,around,word
longsemadoh.wordpress.com,mudur/tuped/umak,arise,word
longsemadoh.wordpress.com,macing/mecing,arrive,word
longsemadoh.wordpress.com,acing/ecing,arrival,word
longsemadoh.wordpress.com,ui,i,word
longsemadoh.wordpress.com,iko,you,word
longsemadoh.wordpress.com,for 2 persons,we- tau( a number of persons) / kiteh,sentence
longsemadoh.wordpress.com,e.g Ui pian kuman,I want to eat,sentence
longsemadoh.wordpress.com,iko mileh,you are clever,word
longsemadoh.wordpress.com,Do’ tau ame’ kuman,Better we go to eat,sentence
longsemadoh.wordpress.com,Ame’ kiteh,we go,word
longsemadoh.wordpress.com,Ide’ ideh neh?,who are they?,sentence
longsemadoh.wordpress.com,bad,do’ (good)- daat,word
longsemadoh.wordpress.com,rayeh (big)- isut,small,sentence
longsemadoh.wordpress.com,baneh(short)-dita,tall,word
longsemadoh.wordpress.com,Kemu'(short)-Kadang,long,word
longsemadoh.wordpress.com,buda'(white)-item,black,word
longsemadoh.wordpress.com,mebuda'(white)-mitem,black,word
longsemadoh.wordpress.com,Meriruh(laugh)-nangi,cry,word
longsemadoh.wordpress.com,uko’,Dog,word
longsemadoh.wordpress.com,laal,chicken,word
longsemadoh.wordpress.com,berek,pig,word
longsemadoh.wordpress.com,kuir,leapord,word
longsemadoh.wordpress.com,labo puur,squirrel,word
longsemadoh.wordpress.com,labo,mouse/rat,word
longsemadoh.wordpress.com,buayeh,crocodile,word
longsemadoh.wordpress.com,menelen,python,word
longsemadoh.wordpress.com,becuk,short tail monkey,word
longsemadoh.wordpress.com,kuyad,long tail monkey,word
longsemadoh.wordpress.com,beruang,bear,word
mortensen2021,Ali-ali lek maya’ tengeb Padian ineh.,"Along the banks of the Brunei River, silence reigned.",sentence
mortensen2021,"“Bura’ peh ali inih?” ki Tuk Pelanuk. Lapen iTuk Pelanuk peh lek sigup nidih em, uten neh peh ieh em, telika rebpun ngepub terutung bang lubang dih meh lek ineh. Serebpu’ peh em, riek-riek meh ieh ku rebpun sigup nidih. Kian, ba peh lek ut nidih lek, meriek peh ieh em, but-but meh lek etut neh.","“Why is it so quiet here?” Mouse-deer wondered. He took his cigarette and smoked it, the smoke resembling that from smoking a porcupine in a hole. Occasionally, he would cough from the smoke. Who knows, perhaps he smoked so much that he coughed and farted.",sentence
mortensen2021,"“Aa-hah! Emé’ uih ngukut bua’ emel dai’ dayeh em,” ki Tuk Pelanuk. Lawé keneh peh em, na seburur meh lun mepapu’ neh.* “Ii, iné’ iapeh lek lun inih, na papu’ kinih lek,” ki Tuk Pelanuk.","“Aha! I’ll go and scratch the emel fruit upriver,” said Mouse-deer. As he journeyed, he did not meet so much as a single other person. “Hey, where could everyone have gone? I haven’t seen anyone,” said Mouse-deer.",sentence
mortensen2021,"Iuk peh lek lawé neh emé’ dai’ dayeh, dui, ria’ria’ lek dulun. “Ngudeh lek ideh ineh lek?3”","As he advanced upriver, oh, dear, there came the sound of a tumult. “What could they be",sentence
mortensen2021,"keburi’ Tuk Pelanuk ineh, gang-gang emé’ dai’ dayeh.","doing?” said Mouse-deer, walking hurriedly upriver.",sentence
mortensen2021,"Emé’ ieh em, edui, tetem-tetem teh lek tipan iSapi’ bang tang iBuayeh. Papu’ neh dawa’ pung.","“Say, what’s Crocodile doing to Cow?” said Mouse-deer.",sentence
mortensen2021,"“Ii, kudan iBuayeh iSapi’ ineh?” ki Tuk Pelanuk.","“Oh, Crocodile wants to eat one side of Cow’s thigh,” the animals said.",sentence
mortensen2021,"“Oo, pian kuman selipa tipan iSapi’ iBuayeh ineh,” kedawa’ pung lek.","“So, why doesn’t Crocodile just eat the side of Cow’s thigh?” said Mouse-deer.",sentence
mortensen2021,"“Kai, iko emé’ ninger bisara’ didueh ineh, mutut bisara’ didueh ineh,” kedawa’ pung ni Tuk Pelanuk.","“Go, you go hear their case, judge those two’s case,” the animals said to Mouse-deer.",sentence
mortensen2021,"“Oo, senang ineh,” ki Tuk Pelanuk nedeh. Uten iTuk Pelanuk peh lek sigup nidih em, riekriek meh lek dawa’ iTemecur, dawa’ iKelio, dawa’ iPayo deh neh. Gang-gang lek iTuk Pelanuk emé’ matun ni Buayeh didueh iSapi’.","“Oh, I’m happy to,” Mouse-deer said to them. He smoked his cigarette, and Rhinoceros, Ox, and Deer all coughed. Mouse-deer hurried toward Crocodile and Cow.",sentence
mortensen2021,"“Oo, iko men inih, eca’ Buayeh men. Kudan muh iSapi’ inih?” ki Tuk Pelanuk ni Buayeh.","“Oh, it’s you, brother Crocodile. What are you doing to Cow?” said Mouse-deer to Crocodile.",sentence
mortensen2021,"Awang-awang lek niat iBuayeh ninger ni Tuk Pelanuk nawar neneh eca’ dih. “Oo, eca’ Pelanuk, uih inih melau. Sikel kuman selipa tipan iSapi’ inih, iemo’ ieh na sikel meré. Na patut buri’ neh. Ieh sikel bisara’ atun,” ki Buayeh.","Crocodile was overjoyed to hear Mouse-deer call him “brother.” “Oh, brother Mouse-deer, I’m hungry. I want to eat one side of Cow’s thigh, but he’s not willing to give it to me. He says it’s not fair. He wants to hold a hearing first,” said Crocodile.",sentence
mortensen2021,"“Enun teh inan bisara’ eca’ Buayeh? Em iko peh eca’, melau peh nai em, ngudeh kuman selipa alang-alang, kudeh, na mabud muh dueh-dueh pekop tipan iSapi’? Na peh petap,","“What case is there to try, brother Crocodile? You, brother, if you’re hungry, why eat only one side? What, can’t you finish the whole of Cow’s thigh? If that’s not enough, eat Cow’s",sentence
mortensen2021,"kinan nai peh iSapi’ teburur-teburur dih ieh,” keneh.","whole body,” he said.",sentence
mortensen2021,"Peh ieh, meria’ neh lek dawa’ pung beken ku iTuk Pelanuk ngecuk ni Buayeh kuman ni Sapi’.*","At that, the other animals broke out into an uproar because Mouse-deer had told Crocodile to eat Cow.",sentence
mortensen2021,"“Bura’ keh becé muh, Pelanuk?” ki Sapi’. “Idi uih do’-do’ nenulong ni Buayeh peh em, idi iko ngecuk ni Buayeh kuman pekop tipan kuh, kuman negkuh?” ki Sapi’ lek. Gegkergegker lek ieh ineh, metot kenen iBuayeh.","“How could you possibly be so stupid, Mousedeer?” said Cow. “I kindly helped Crocodile, and you tell Crocodile to eat my thigh, to eat me?” said Cow. He trembled, afraid Crocodile would eat him.",sentence
mortensen2021,"“Kudeng inih,” ki Sapi’. “Emé’ uih, sikel ngirup ebpa’, sier kegkuh em, luti-luti iBuayeh ineh nan bada dai’ ineh. Sék-sék dawar neh mutuh tulong. Idi uih nengun batang dih ret iketed neh. Pengeh dih, idi uih nengun ni Buayeh iné’ bang ebpa’. Bah, kudeng apeh iko","“Like this,” said Cow. “I came along, wanting to drink water, and as I looked, there was Crocodile lying prostrate on the sand over there. He was calling out in pain, asking for help. So I lifted that log off his back with my head. After that, I carried Crocodile into the river.",sentence
mortensen2021,"mala ni Buayeh miek kuman tipan kuh, miek kuman negkuh?” ki Sapi’.","Come on, how can you tell Crocodile that he can eat my thigh, can eat me?” said Cow.",sentence
mortensen2021,"Neriruh peh lek Tuk Pelanuk rayeh-rayeh itengeb dih. “Hahaha, kian, iko luk buki’-buki’ batek inih peh nengiding ni eca’ Buayeh inih em, na keli’ kuh dulun beken, uih peh em, na tu-tu uih menu, mecing maté’ peh em, na teh uih menu,” ki Tuk Pelanuk lek.","Mouse-deer laughed loudly on the riverbank. “Ha, ha, ha, no way! You, with your flabby, bulging stomach, lifted brother Crocodile? I don’t know about everyone else, but as for me, I certainly do not believe it. Even when I die, I still will not believe it,” said Mouse-deer.",sentence
mortensen2021,"“Mebalih iko inih,” keneh. “Kudeng inih peh iko inih Sapi’, ara’-ara’ peh em, mesusa’ teh iko ruen ieca’ Buayeh. Menu muyuh ni Sapi’ inih nengun ni eca’ Buayeh inih lun teluh?” ki Tuk Pelanuk. Perigai’ lek pung-pung beken ungeng.","“You are lying,” he said. “You’re doing this, Cow, refusing, unwilling to let Crocodile eat you. Do you believe that Cow carried Crocodile, all of you?” said Mouse-deer. The other animals fell silent one by one.",sentence
mortensen2021,"“Peh ieh, na lun perigai’ ungeng. Ngelegkan ni Sapi’, eca’ Buayeh. Napeh iko kuman pekop tipan neh. Uih sikel nier, ku metu bala iSapi’ ineh,” ki Tuk Pelanuk ni Buayeh.","“Well, then, don’t all be silent. Release Cow, brother Crocodile. Later you can eat his entire thigh. I want to see whether Cow’s words are true,” said Mouse-deer to Crocodile.",sentence
mortensen2021,"Mawang neh lek niat iBuayeh ninger bala iTuk Pelanuk ineh ni Sapi’ ineh. Peh ieh, ligkan iBuayeh neh lek iSapi’ ineh. Enun, siren peh lek urat tipan iSapi’ ineh em, telika tinapek ku tebpa’ liled teh lek ineh, bagas kitep iBu-","Crocodile was delighted to hear Mouse-deer’s words to Cow. And so, then, Crocodile released Cow. The wound in Cow’s thigh looked as though a liled thorn had been driven into it where Crocodile had bitten him.",sentence
mortensen2021,"“Kudeng inih ieh, eca’ Buayeh. Buri’ iSapi’ ina peh em, inau’ neh ngun iko, kan?” ki Tuk Pelanuk.","“How about this, brother Crocodile. Cow said just now that he carried you, right?” said Mousedeer.",sentence
mortensen2021,"“Éé! Metu,” ki Buayeh.",“Yes! True!” said Crocodile.,sentence
mortensen2021,"“Neh, Sapi’, kudeng apeh un muh ni eca’ Buayeh ina?” ki Tuk Pelanuk ni Sapi’.","“Okay, Cow, how did you carry brother Crocodile just now?” said Mouse-deer to Cow.",sentence
mortensen2021,"“Inau’ kuh ngun nan rier kuh men,” ki Sapi’ lek.","“I carried him on my neck,” said Cow.",sentence
mortensen2021,"“Bah, rua’ ngun ieca’ Buayeh siren tau emung em,” ki Tuk Pelanuk lek.*","“Go on, carry brother Crocodile for us all to see,” said Mouse-deer.",sentence
mortensen2021,“Mana’ mekun kuh ni Buayeh inih peh. Na keli’ muh tipan kinih ba ét kitep iBuayeh inih?” ki Sapi’ lek.,“I can’t carry Crocodile now. Don’t you know my thigh hurts so badly from being bitten by Crocodile?” said Cow.,sentence
mortensen2021,"“Bah, iko nemala ina, iko nenulong ni eca’ Buayeh. Tau sikel keli’ ku metu keh bala muh atau na,” ki Tuk Pelanuk. Ria’-ria’ meh lek dawa’ pung luk nepemung nan patar liang dai’ puneng Padian ineh.","“Come on, you said just now that you helped brother Crocodile. We want to know whether your words are actually true or not,” said Mousedeer. A commotion broke out among the animals gathered on the plain at the Brunei headwaters.",sentence
mortensen2021,"Peh ieh, neremasang peh lek iSapi’, inun neh peh lek iBuayeh kudeng un neh neneh ina dih em, tub nan bada dai’. Rimud-rimud biring, rimud kabing meh lek iBuayeh ineh.","And so, full of resentment, Cow carried Crocodile with his head as he had carried him before and put him on the sand there. Crocodile broke a crooked, lopsided smile.",sentence
mortensen2021,“Iapeh batang rayeh luk inau’ muh ngiding ret iketed iBuayeh dih?” ki Tuk Pelanuk ni Sapi’.,“Where is that large log that you lifted off Crocodile’s back?” said Mouse-deer to Cow.,sentence
mortensen2021,"“Oo, dai’ ineh,” ki Sapi’ nicul eceh batang rayeh.","“Oh, it’s right there,” said Cow, pointing to a large log.",sentence
mortensen2021,"“Edui-edui, Sapi’,” ki Tuk Pelanuk. “Na teh uih inih nepernah mala nelun mebalih ret mon-mon Sapi’ em, eleg muh mala, iko nengiding batang luk kirayeh neh ret ku keted","“Oh, dear me, Cow,” said Mouse-deer. “I have never, ever called anyone a liar before, Cow, don’t say that you lifted a log of that size from brother Crocodile’s back,” said Mouse-deer,",sentence
mortensen2021,"ieca’ Buayeh inih,” ki Pelanuk namid-namid keted iBuayeh. Siren peh lek kedih em, na meto-meto meh lek rimud kabing, rimud biring iBuayeh ineh.","kicking Crocodile’s back. Crocodile’s unceasing, crooked, lopsided smile widened.",sentence
mortensen2021,"“Naluk iko ineh, Sapi’. Mebalih iko ineh,” ki Tuk Pelanuk. Mereh tangi’ meh lek iSapi’ ineh ku erur neh nengun ni Buayeh dih.","“You are lying to us, Cow. You are a liar,” said Mouse-deer. Cow almost cried from his exhaustion from carrying Crocodile.",sentence
mortensen2021,"“Sapi’ dé’, metu peh iko nengiding batang ineh em, kidinga’ ieh em, idi iko ngerereng neneh nan keted ieca’ Buayeh em,” ki Tuk Pelanuk ngecuk ni Sapi’.","“Cow, if it’s true that you lifted that log, pick it up, and put it on brother Crocodile’s back,” Mouse-deer ordered Cow.",sentence
mortensen2021,Siren peh lek kiung iSapi’ kerideng-kerideng teh lek ineh.,Cow’s eyes were now tightly closed.,sentence
mortensen2021,"“Oo, Pelanuk, na kai setuju iko ngenau’ ni Sapi’ kudeng ineh,” kedawa’ Temecur, kedawa’ Kelio, kedawa’ Payo, kedawa’ Baka, kedawa’ Kerubau.","“Oh, Mouse-deer, we don’t agree with your doing that to Cow,” said the Rhinoceros, the Oxen, the Deer, the Wild Boar, and the Buffalo.",sentence
mortensen2021,"“Ineh men. Na’ ba ét tipan kinih kitep iBuayeh ineh,” ki Sapi’.","“That’s just it. And my thigh hurts so much from being bitten by Crocodile,” said Cow.",sentence
mortensen2021,"“Bah, na peh muyuh pung beken setuju, na peh iko setuju Sapi’, ilung neh iko mebalih, atau iko sikel ngigu’ ni eca’ Buayeh. Oo, na miek kudeng ineh. Jadi’, kudeng iko mebalih, miek ieca’ Buayeh kuman tipan muh. Beken mo’ selipa tipan muh, iemo’ pekop tipan muh idi kuman emung burur muh,” ki Tuk Pelanuk.","“Well, then, if all you animals don’t agree, and if you don’t agree, Cow, it means that you’re a liar, or you want to embarrass brother Crocodile. Oh, that cannot be allowed. So, if you’re lying, brother Crocodile can eat your thigh. Not only one side of your thigh, but both sides of your thigh, and eat your entire body,” said Mousedeer.",sentence
mortensen2021,"Enun, pirud-pirud meh lek dawa’ pung ineh. Ba tu neh rimud iBuayeh ku awang niat neh ninger bala iTuk Pelanuk.",The animals fell silent. Crocodile smiled gleefully at hearing Mouse-deer’s words.,sentence
mortensen2021,"“Kapeh ieh Sapi’, iko inih mala luk metu keh, atau naluk ngecekuh ara’ meré tipan muh selipa kenen ieca’ Buayeh?” keburi’ iTuk Pelanuk.","“How will it be, Cow? Are you telling the truth, or are you lying because you don’t want to let brother Crocodile eat your thigh?” said Mouse-deer.",sentence
mortensen2021,"Neremasang peh lek iSapi’ kedih em, nesugar, nebuter, netemueh peh ieh em, inun neh peh lek batang dih em, gieng-gieng meh lek patar liang puneng Padian ineh. Pipet neh peh lek batang rayeh dih nan keted iBuayeh peh em, enun teh, arod-arod lek iBuayeh ku ét keted neh. Lebput-lebput lek arod neh. Sen peh lek","Cow, full of resentment, shook his body, flexed his muscles, and stiffened himself, and when he carried that log, the river plain at the Brunei headwaters shook. He threw the large log onto Crocodile’s back, and Crocodile screamed in pain. His cries echoed. Crocodile’s pupils almost jumped and stiffened from the weight of",sentence
mortensen2021,"kedih em, lé-lé uput lek ilung mateh iBuayeh temueh nan barat batang dih. Nginiat peh lek ieh em, kemu’-kemu’ meh niat neh peh.","the log. As he breathed, his breaths were short and shallow.",sentence
mortensen2021,"“Edui na’, maté lé’! Edui na’ maté lé’!” ki Buayeh lek.","“Oh, I’m surely dead! Oh, I’m surely dead!” said Crocodile.",sentence
mortensen2021,"Siren peh tipan iSapi’ ineh em, enun, darurdarur lek dara’ remuat retnan urat luk kitep iBuayeh dih, ku ieh netemueh, nebutar nengiding batang rayeh dih.","As for Cow’s thigh, it was flowing with blood coming out from the wound where Crocodile bit him, because he had stiffened and flexed his muscles to lift that large log.",sentence
mortensen2021,"Sium meh lek iTuk Pelanuk ni Sapi’. “Bulé’ diko dih Sapi’,” keneh nengapel ni Sapi’. “Oo emung pung luk nepemung nan patar liang puneng Padian inih,* inih putut bisara’ iBuayeh didueh iSapi’ dih peh,” ki Tuk Pelanuk.** *Example (2b) in §5.1.","Mouse-deer kissed Cow. “Oh, you poor Cow,” he said, embracing Cow. “Oh, all animals who have gathered on this river plain at the Brunei headwaters, this is my judgment in the case of Crocodile and Cow,” said Mouse-deer.",sentence
mortensen2021,"“Iko, Sapi’, emé’ ngirup ebpa’. Iko, Busir Kiung, luku neh nai liang batang rayeh ineh pad sukol nai. Sikel peh nai rudap, rudap neh nai tebeco kedangan dih. Sikel peh nai nangi’, nangi’ neh nai. Iemo’ eleg nai ba rayeh tangi’ ko’, merugag kai kuma’ inih,” ki Tuk Pelanuk lek.*","“You, Cow, go drink water. You, Abscessed Face, lie there beneath that log as much as you want. If you want to sleep, then sleep all day and night. If you want to cry, then cry. But don’t cry so loudly, please; the rest of us will be annoyed.”",sentence
mortensen2021,"Pengeh peh lek iSapi’ nemala terima’ kasih ni Tuk Pelanuk peh kedih em, emé’ neh lek ieh ngirup ebpa’. Na teh ieh kio’-kio’ ku kitep iBuayeh dih.","After Cow thanked Mouse-deer, he went to drink water. He limped from having been bitten by Crocodile.",sentence
mortensen2021,"“Ninger muyuh wa’ pung,” ki Tuk Pelanuk teh. “Patad peh tau ret ienih, na tau dat adat. Na tau dat akal kudeng iBusir Kiung ineh. Pun dih peh em, nenguit negkuh pekeca’ ieh. Nenguit negkuh pedinganak. Iuk-iuk peh em, musam neh ieh. Sikel neh ieh kuman negkuh. Do’ luk kudeng inih? Inih peh em, tinulong iSapi’ ieh, tawan iSapi’, edui, sikel kuman selipa tipan iSapi’ neh ieh. Muned luk kudeng ineh keli’ muyuh?” ki Tuk Pelanuk lek.","“Hear ye, all animals,” said Mouse-deer. “Let us disperse from here; we are not so vile. We are not foolish like that Abscessed Face. First, he took me as a friend. He took me as a brother. But after a while, he got bored. He tried to eat me. Is this good? As for this, Cow helped him, poor Cow, and, oh, dear, he tried to eat a side of Cow’s thigh. Is that right, do you think?” said Mouse-deer.",sentence
mortensen2021,Papag-papag lek dawa’ pung ineh ticu’ deh ku mawang niat peh.,All the animals clapped their hands in happiness.,sentence
mortensen2021,"“Mepatad tau peh. Ret iedih peh sidih em, emé’ iedih neh ieh.* Saga’ ni Busir Kiung maté liang batang ineh,” keneh.","“Let us part ways now. Let each return whence he came. Leave Abscessed Face to die beneath that log,” he said.",sentence
mortensen2021,"Neruked peh lek sebulan, Nepupu peh lek seliakan,","A month passed by after that day— Another month, a third, gave way",sentence
mortensen2021,"Seliakan peh pinupu, Selak peh pikatu, ret pengeh bisara’ iBuayeh didueh iSapi’ dih naté neh iBusir Kiung liang batang dih. Do’ neh lek ulun dawa’ pung. Do’ neh lek tudo iBecuk bang puneng Padian ineh.","To a year, which soon was gone, And the years marched on and on from the conclusion of the trial of Crocodile and Cow, and Abscessed Face died beneath the log. So the animals lived in peace, and Monkey dwelt happily at the Brunei headwaters.",sentence
